url,primary_topic,intent,evidence
https://docs.kujolang.ai/,Kujo Docs,Use current Kujo runtime and ecosystem releases,Editorial mapping of visible content; no search-volume inference
https://docs.kujolang.ai/build/agent-credentials/,Manage Agent Credentials and Connectors,Use current Kujo runtime and ecosystem releases,Editorial mapping of visible content; no search-volume inference
https://docs.kujolang.ai/build/agent-operations/,Operate and Harden Agent Projects,Use current Kujo runtime and ecosystem releases,Editorial mapping of visible content; no search-volume inference
https://docs.kujolang.ai/build/agent-profiles/,Choose an Agent Project Profile,Use current Kujo runtime and ecosystem releases,Editorial mapping of visible content; no search-volume inference
https://docs.kujolang.ai/build/ai-and-agents/,AI and agents,Use current Kujo runtime and ecosystem releases,Editorial mapping of visible content; no search-volume inference
https://docs.kujolang.ai/build/applications-and-publishing/,Applications and publishing,Use current Kujo runtime and ecosystem releases,Editorial mapping of visible content; no search-volume inference
https://docs.kujolang.ai/build/editorial-publishing/,Editorial publishing,Use current Kujo runtime and ecosystem releases,Editorial mapping of visible content; no search-volume inference
https://docs.kujolang.ai/build/,Build with Kujo,Use current Kujo runtime and ecosystem releases,Editorial mapping of visible content; no search-volume inference
https://docs.kujolang.ai/build/knowledge-and-retrieval/,Knowledge and retrieval,Use current Kujo runtime and ecosystem releases,Editorial mapping of visible content; no search-volume inference
https://docs.kujolang.ai/build/owned-agent-projects/,Repository-owned Agent Projects,Use current Kujo runtime and ecosystem releases,Editorial mapping of visible content; no search-volume inference
https://docs.kujolang.ai/build/publishing-house-operator/,Publishing House operator,Use current Kujo runtime and ecosystem releases,Editorial mapping of visible content; no search-volume inference
https://docs.kujolang.ai/build/web-operations/,Web operations,Use current Kujo runtime and ecosystem releases,Editorial mapping of visible content; no search-volume inference
https://docs.kujolang.ai/build/workflows-and-approvals/,Workflows and approvals,Use current Kujo runtime and ecosystem releases,Editorial mapping of visible content; no search-volume inference
https://docs.kujolang.ai/choose-a-path/,Choose a path,Use current Kujo runtime and ecosystem releases,Editorial mapping of visible content; no search-volume inference
https://docs.kujolang.ai/collections/agents/,Agents,Use current Kujo runtime and ecosystem releases,Editorial mapping of visible content; no search-volume inference
https://docs.kujolang.ai/collections/benchmarks/,Benchmarks,Use current Kujo runtime and ecosystem releases,Editorial mapping of visible content; no search-volume inference
https://docs.kujolang.ai/collections/,Collections,Use current Kujo runtime and ecosystem releases,Editorial mapping of visible content; no search-volume inference
https://docs.kujolang.ai/collections/skills/,Skills,Use current Kujo runtime and ecosystem releases,Editorial mapping of visible content; no search-volume inference
https://docs.kujolang.ai/collections/video-skills/,Make videos with Kujo Skills,Use current Kujo runtime and ecosystem releases,Editorial mapping of visible content; no search-volume inference
https://docs.kujolang.ai/collections/workflows/,Workflows,Use current Kujo runtime and ecosystem releases,Editorial mapping of visible content; no search-volume inference
https://docs.kujolang.ai/ecosystem/core-foundation/,Core / Foundation,Use current Kujo runtime and ecosystem releases,Editorial mapping of visible content; no search-volume inference
https://docs.kujolang.ai/ecosystem/,Kujo ecosystem,Use current Kujo runtime and ecosystem releases,Editorial mapping of visible content; no search-volume inference
https://docs.kujolang.ai/ecosystem/primitives/,Primitives,Use current Kujo runtime and ecosystem releases,Editorial mapping of visible content; no search-volume inference
https://docs.kujolang.ai/ecosystem/providers/,Providers,Use current Kujo runtime and ecosystem releases,Editorial mapping of visible content; no search-volume inference
https://docs.kujolang.ai/ecosystem/releases/,Ecosystem releases,Use current Kujo runtime and ecosystem releases,Editorial mapping of visible content; no search-volume inference
https://docs.kujolang.ai/ecosystem/showcases/,Showcase Directory,Use current Kujo runtime and ecosystem releases,Editorial mapping of visible content; no search-volume inference
https://docs.kujolang.ai/ecosystem/tooling/,Tooling,Use current Kujo runtime and ecosystem releases,Editorial mapping of visible content; no search-volume inference
https://docs.kujolang.ai/install/,Install Kujo,Use current Kujo runtime and ecosystem releases,Editorial mapping of visible content; no search-volume inference
https://docs.kujolang.ai/learn/ai-runtime/,AI runtime basics,Use current Kujo runtime and ecosystem releases,Editorial mapping of visible content; no search-volume inference
https://docs.kujolang.ai/learn/capabilities/,Capabilities and safe execution,Use current Kujo runtime and ecosystem releases,Editorial mapping of visible content; no search-volume inference
https://docs.kujolang.ai/learn/editor-support/,Editor and CLI support,Use current Kujo runtime and ecosystem releases,Editorial mapping of visible content; no search-volume inference
https://docs.kujolang.ai/learn/,Learn Kujo,Use current Kujo runtime and ecosystem releases,Editorial mapping of visible content; no search-volume inference
https://docs.kujolang.ai/learn/language-basics/,Language basics,Use current Kujo runtime and ecosystem releases,Editorial mapping of visible content; no search-volume inference
https://docs.kujolang.ai/learn/packages/,Packages with Kennel,Use current Kujo runtime and ecosystem releases,Editorial mapping of visible content; no search-volume inference
https://docs.kujolang.ai/learn/runtime/,How the runtime works,Use current Kujo runtime and ecosystem releases,Editorial mapping of visible content; no search-volume inference
https://docs.kujolang.ai/quickstart/,Quickstart,Use current Kujo runtime and ecosystem releases,Editorial mapping of visible content; no search-volume inference
https://docs.kujolang.ai/reference/,Reference,Use current Kujo runtime and ecosystem releases,Editorial mapping of visible content; no search-volume inference
https://docs.kujolang.ai/release-boundaries/,Release boundaries,Use current Kujo runtime and ecosystem releases,Editorial mapping of visible content; no search-volume inference
https://docs.kujolang.ai/review/browser-architecture-and-privacy/,"Browser, architecture, and privacy checks",Use current Kujo runtime and ecosystem releases,Editorial mapping of visible content; no search-volume inference
https://docs.kujolang.ai/review/context-and-task-contracts/,Context and task contracts,Use current Kujo runtime and ecosystem releases,Editorial mapping of visible content; no search-volume inference
https://docs.kujolang.ai/review/evidence-and-run-history/,Evidence and run history,Use current Kujo runtime and ecosystem releases,Editorial mapping of visible content; no search-volume inference
https://docs.kujolang.ai/review/,Keep work reviewable,Use current Kujo runtime and ecosystem releases,Editorial mapping of visible content; no search-volume inference
https://docs.kujolang.ai/review/quality-and-release-gates/,Quality and release gates,Use current Kujo runtime and ecosystem releases,Editorial mapping of visible content; no search-volume inference
https://docs.kujolang.ai/review/tests-and-evaluation/,Tests and evaluation,Use current Kujo runtime and ecosystem releases,Editorial mapping of visible content; no search-volume inference
https://docs.kujolang.ai/security/,Security model,Use current Kujo runtime and ecosystem releases,Editorial mapping of visible content; no search-volume inference
https://docs.kujolang.ai/showcases/ai-chat/,AI Chat,Use current Kujo runtime and ecosystem releases,Editorial mapping of visible content; no search-volume inference
https://docs.kujolang.ai/showcases/cinch/,Cinch,Use current Kujo runtime and ecosystem releases,Editorial mapping of visible content; no search-volume inference
https://docs.kujolang.ai/showcases/cms/,CMS,Use current Kujo runtime and ecosystem releases,Editorial mapping of visible content; no search-volume inference
https://docs.kujolang.ai/showcases/crud-api/,CRUD API Showcase,Use current Kujo runtime and ecosystem releases,Editorial mapping of visible content; no search-volume inference
https://docs.kujolang.ai/showcases/,Showcases,Use current Kujo runtime and ecosystem releases,Editorial mapping of visible content; no search-volume inference
https://docs.kujolang.ai/showcases/intake/,Intake,Use current Kujo runtime and ecosystem releases,Editorial mapping of visible content; no search-volume inference
https://docs.kujolang.ai/showcases/ssg/,SSG,Use current Kujo runtime and ecosystem releases,Editorial mapping of visible content; no search-volume inference
https://docs.kujolang.ai/showcases/totalrecall/,TotalRecall,Use current Kujo runtime and ecosystem releases,Editorial mapping of visible content; no search-volume inference
https://docs.kujolang.ai/start-here/,Start here,Use current Kujo runtime and ecosystem releases,Editorial mapping of visible content; no search-volume inference
https://docs.kujolang.ai/support/,Support,Use current Kujo runtime and ecosystem releases,Editorial mapping of visible content; no search-volume inference
https://docs.kujolang.ai/tools/ability/,Ability,Use current Kujo runtime and ecosystem releases,Editorial mapping of visible content; no search-volume inference
https://docs.kujolang.ai/tools/agents-sdk/,Agents SDK,Use current Kujo runtime and ecosystem releases,Editorial mapping of visible content; no search-volume inference
https://docs.kujolang.ai/tools/ai-sdk/,AI SDK,Use current Kujo runtime and ecosystem releases,Editorial mapping of visible content; no search-volume inference
https://docs.kujolang.ai/tools/assetworks/,AssetWorks,Use current Kujo runtime and ecosystem releases,Editorial mapping of visible content; no search-volume inference
https://docs.kujolang.ai/tools/bluepencil/,BluePencil,Use current Kujo runtime and ecosystem releases,Editorial mapping of visible content; no search-volume inference
https://docs.kujolang.ai/tools/casefile/,CaseFile,Use current Kujo runtime and ecosystem releases,Editorial mapping of visible content; no search-volume inference
https://docs.kujolang.ai/tools/changebucket/,ChangeBucket,Use current Kujo runtime and ecosystem releases,Editorial mapping of visible content; no search-volume inference
https://docs.kujolang.ai/tools/commerce/,Commerce,Use current Kujo runtime and ecosystem releases,Editorial mapping of visible content; no search-volume inference
https://docs.kujolang.ai/tools/concord/,Concord,Use current Kujo runtime and ecosystem releases,Editorial mapping of visible content; no search-volume inference
https://docs.kujolang.ai/tools/contentgraph/,ContentGraph,Use current Kujo runtime and ecosystem releases,Editorial mapping of visible content; no search-volume inference
https://docs.kujolang.ai/tools/dispatch/,Dispatch,Use current Kujo runtime and ecosystem releases,Editorial mapping of visible content; no search-volume inference
https://docs.kujolang.ai/tools/dossier/,Dossier,Use current Kujo runtime and ecosystem releases,Editorial mapping of visible content; no search-volume inference
https://docs.kujolang.ai/tools/eval/,Eval,Use current Kujo runtime and ecosystem releases,Editorial mapping of visible content; no search-volume inference
https://docs.kujolang.ai/tools/fence/,Fence,Use current Kujo runtime and ecosystem releases,Editorial mapping of visible content; no search-volume inference
https://docs.kujolang.ai/tools/galleypack/,GalleyPack,Use current Kujo runtime and ecosystem releases,Editorial mapping of visible content; no search-volume inference
https://docs.kujolang.ai/tools/howl/,Howl,Use current Kujo runtime and ecosystem releases,Editorial mapping of visible content; no search-volume inference
https://docs.kujolang.ai/tools/,Tools,Use current Kujo runtime and ecosystem releases,Editorial mapping of visible content; no search-volume inference
https://docs.kujolang.ai/tools/kennel/,Kennel,Use current Kujo runtime and ecosystem releases,Editorial mapping of visible content; no search-volume inference
https://docs.kujolang.ai/tools/kujo/,Kujo,Use current Kujo runtime and ecosystem releases,Editorial mapping of visible content; no search-volume inference
https://docs.kujolang.ai/tools/leash/,Leash,Use current Kujo runtime and ecosystem releases,Editorial mapping of visible content; no search-volume inference
https://docs.kujolang.ai/tools/lens/,Lens,Use current Kujo runtime and ecosystem releases,Editorial mapping of visible content; no search-volume inference
https://docs.kujolang.ai/tools/mcp/,MCP,Use current Kujo runtime and ecosystem releases,Editorial mapping of visible content; no search-volume inference
https://docs.kujolang.ai/tools/muzzle/,Muzzle,Use current Kujo runtime and ecosystem releases,Editorial mapping of visible content; no search-volume inference
https://docs.kujolang.ai/tools/packwrite/,PackWrite,Use current Kujo runtime and ecosystem releases,Editorial mapping of visible content; no search-volume inference
https://docs.kujolang.ai/tools/paperclip/,Kujo for Paperclip,Use current Kujo runtime and ecosystem releases,Editorial mapping of visible content; no search-volume inference
https://docs.kujolang.ai/tools/patchbrief/,PatchBrief,Use current Kujo runtime and ecosystem releases,Editorial mapping of visible content; no search-volume inference
https://docs.kujolang.ai/tools/presswire/,PressWire,Use current Kujo runtime and ecosystem releases,Editorial mapping of visible content; no search-volume inference
https://docs.kujolang.ai/tools/rag/,RAG,Use current Kujo runtime and ecosystem releases,Editorial mapping of visible content; no search-volume inference
https://docs.kujolang.ai/tools/readersignal/,ReaderSignal,Use current Kujo runtime and ecosystem releases,Editorial mapping of visible content; no search-volume inference
https://docs.kujolang.ai/tools/redact/,Redact,Use current Kujo runtime and ecosystem releases,Editorial mapping of visible content; no search-volume inference
https://docs.kujolang.ai/tools/relay/,Relay,Use current Kujo runtime and ecosystem releases,Editorial mapping of visible content; no search-volume inference
https://docs.kujolang.ai/tools/runledger/,RunLedger,Use current Kujo runtime and ecosystem releases,Editorial mapping of visible content; no search-volume inference
https://docs.kujolang.ai/tools/scent/,Scent,Use current Kujo runtime and ecosystem releases,Editorial mapping of visible content; no search-volume inference
https://docs.kujolang.ai/tools/scout/,Scout,Use current Kujo runtime and ecosystem releases,Editorial mapping of visible content; no search-volume inference
https://docs.kujolang.ai/tools/searchbridge/,SearchBridge,Use current Kujo runtime and ecosystem releases,Editorial mapping of visible content; no search-volume inference
https://docs.kujolang.ai/tools/shipcheck/,ShipCheck,Use current Kujo runtime and ecosystem releases,Editorial mapping of visible content; no search-volume inference
https://docs.kujolang.ai/tools/site-kit/,SiteKit,Use current Kujo runtime and ecosystem releases,Editorial mapping of visible content; no search-volume inference
https://docs.kujolang.ai/tools/siteprobe/,SiteProbe,Use current Kujo runtime and ecosystem releases,Editorial mapping of visible content; no search-volume inference
https://docs.kujolang.ai/tools/source/,Source,Use current Kujo runtime and ecosystem releases,Editorial mapping of visible content; no search-volume inference
https://docs.kujolang.ai/tools/spec/,Spec,Use current Kujo runtime and ecosystem releases,Editorial mapping of visible content; no search-volume inference
https://docs.kujolang.ai/tools/storydesk/,StoryDesk,Use current Kujo runtime and ecosystem releases,Editorial mapping of visible content; no search-volume inference
https://docs.kujolang.ai/tools/tribunal/,Tribunal,Use current Kujo runtime and ecosystem releases,Editorial mapping of visible content; no search-volume inference
https://docs.kujolang.ai/tools/versionseal/,VersionSeal,Use current Kujo runtime and ecosystem releases,Editorial mapping of visible content; no search-volume inference
https://docs.kujolang.ai/tools/ward/,Ward,Use current Kujo runtime and ecosystem releases,Editorial mapping of visible content; no search-volume inference
https://docs.kujolang.ai/tools/watchdog/,Watchdog,Use current Kujo runtime and ecosystem releases,Editorial mapping of visible content; no search-volume inference
https://docs.kujolang.ai/tools/workcell/,Workcell,Use current Kujo runtime and ecosystem releases,Editorial mapping of visible content; no search-volume inference
https://docs.kujolang.ai/upgrade/,Upgrade the Kujo runtime,Use current Kujo runtime and ecosystem releases,Editorial mapping of visible content; no search-volume inference
