phase,source_url,image_url,source_file,alt,width,height,loading,format,bytes,exists,srcset,sizes,responsive_candidates,responsive_missing,issues
baseline,https://docs.kujolang.ai/,https://docs.kujolang.ai/assets/img/kujo-logomark-black.svg,assets/img/kujo-logomark-black.svg,,32,32,,svg,867,True,,,0,0,
baseline,https://docs.kujolang.ai/,https://docs.kujolang.ai/assets/img/kujo-logomark-black.svg,assets/img/kujo-logomark-black.svg,,32,32,,svg,867,True,,,0,0,
baseline,https://docs.kujolang.ai/build/agent-credentials/,https://docs.kujolang.ai/assets/img/kujo-logomark-black.svg,assets/img/kujo-logomark-black.svg,,32,32,,svg,867,True,,,0,0,
baseline,https://docs.kujolang.ai/build/agent-credentials/,https://docs.kujolang.ai/assets/img/kujo-logomark-black.svg,assets/img/kujo-logomark-black.svg,,32,32,,svg,867,True,,,0,0,
baseline,https://docs.kujolang.ai/build/agent-operations/,https://docs.kujolang.ai/assets/img/kujo-logomark-black.svg,assets/img/kujo-logomark-black.svg,,32,32,,svg,867,True,,,0,0,
baseline,https://docs.kujolang.ai/build/agent-operations/,https://docs.kujolang.ai/assets/img/kujo-logomark-black.svg,assets/img/kujo-logomark-black.svg,,32,32,,svg,867,True,,,0,0,
baseline,https://docs.kujolang.ai/build/agent-profiles/,https://docs.kujolang.ai/assets/img/kujo-logomark-black.svg,assets/img/kujo-logomark-black.svg,,32,32,,svg,867,True,,,0,0,
baseline,https://docs.kujolang.ai/build/agent-profiles/,https://docs.kujolang.ai/assets/img/kujo-logomark-black.svg,assets/img/kujo-logomark-black.svg,,32,32,,svg,867,True,,,0,0,
baseline,https://docs.kujolang.ai/build/ai-and-agents/,https://docs.kujolang.ai/assets/img/kujo-logomark-black.svg,assets/img/kujo-logomark-black.svg,,32,32,,svg,867,True,,,0,0,
baseline,https://docs.kujolang.ai/build/ai-and-agents/,https://docs.kujolang.ai/assets/img/kujo-logomark-black.svg,assets/img/kujo-logomark-black.svg,,32,32,,svg,867,True,,,0,0,
baseline,https://docs.kujolang.ai/build/applications-and-publishing/,https://docs.kujolang.ai/assets/img/kujo-logomark-black.svg,assets/img/kujo-logomark-black.svg,,32,32,,svg,867,True,,,0,0,
baseline,https://docs.kujolang.ai/build/applications-and-publishing/,https://docs.kujolang.ai/assets/img/kujo-logomark-black.svg,assets/img/kujo-logomark-black.svg,,32,32,,svg,867,True,,,0,0,
baseline,https://docs.kujolang.ai/build/editorial-publishing/,https://docs.kujolang.ai/assets/img/kujo-logomark-black.svg,assets/img/kujo-logomark-black.svg,,32,32,,svg,867,True,,,0,0,
baseline,https://docs.kujolang.ai/build/editorial-publishing/,https://docs.kujolang.ai/assets/img/kujo-logomark-black.svg,assets/img/kujo-logomark-black.svg,,32,32,,svg,867,True,,,0,0,
baseline,https://docs.kujolang.ai/build/,https://docs.kujolang.ai/assets/img/kujo-logomark-black.svg,assets/img/kujo-logomark-black.svg,,32,32,,svg,867,True,,,0,0,
baseline,https://docs.kujolang.ai/build/,https://docs.kujolang.ai/assets/img/kujo-logomark-black.svg,assets/img/kujo-logomark-black.svg,,32,32,,svg,867,True,,,0,0,
baseline,https://docs.kujolang.ai/build/knowledge-and-retrieval/,https://docs.kujolang.ai/assets/img/kujo-logomark-black.svg,assets/img/kujo-logomark-black.svg,,32,32,,svg,867,True,,,0,0,
baseline,https://docs.kujolang.ai/build/knowledge-and-retrieval/,https://docs.kujolang.ai/assets/img/kujo-logomark-black.svg,assets/img/kujo-logomark-black.svg,,32,32,,svg,867,True,,,0,0,
baseline,https://docs.kujolang.ai/build/owned-agent-projects/,https://docs.kujolang.ai/assets/img/kujo-logomark-black.svg,assets/img/kujo-logomark-black.svg,,32,32,,svg,867,True,,,0,0,
baseline,https://docs.kujolang.ai/build/owned-agent-projects/,https://docs.kujolang.ai/assets/img/kujo-logomark-black.svg,assets/img/kujo-logomark-black.svg,,32,32,,svg,867,True,,,0,0,
baseline,https://docs.kujolang.ai/build/publishing-house-operator/,https://docs.kujolang.ai/assets/img/kujo-logomark-black.svg,assets/img/kujo-logomark-black.svg,,32,32,,svg,867,True,,,0,0,
baseline,https://docs.kujolang.ai/build/publishing-house-operator/,https://docs.kujolang.ai/assets/img/kujo-logomark-black.svg,assets/img/kujo-logomark-black.svg,,32,32,,svg,867,True,,,0,0,
baseline,https://docs.kujolang.ai/build/web-operations/,https://docs.kujolang.ai/assets/img/kujo-logomark-black.svg,assets/img/kujo-logomark-black.svg,,32,32,,svg,867,True,,,0,0,
baseline,https://docs.kujolang.ai/build/web-operations/,https://docs.kujolang.ai/assets/img/kujo-logomark-black.svg,assets/img/kujo-logomark-black.svg,,32,32,,svg,867,True,,,0,0,
baseline,https://docs.kujolang.ai/build/workflows-and-approvals/,https://docs.kujolang.ai/assets/img/kujo-logomark-black.svg,assets/img/kujo-logomark-black.svg,,32,32,,svg,867,True,,,0,0,
baseline,https://docs.kujolang.ai/build/workflows-and-approvals/,https://docs.kujolang.ai/assets/img/kujo-logomark-black.svg,assets/img/kujo-logomark-black.svg,,32,32,,svg,867,True,,,0,0,
baseline,https://docs.kujolang.ai/choose-a-path/,https://docs.kujolang.ai/assets/img/kujo-logomark-black.svg,assets/img/kujo-logomark-black.svg,,32,32,,svg,867,True,,,0,0,
baseline,https://docs.kujolang.ai/choose-a-path/,https://docs.kujolang.ai/assets/img/kujo-logomark-black.svg,assets/img/kujo-logomark-black.svg,,32,32,,svg,867,True,,,0,0,
baseline,https://docs.kujolang.ai/collections/agents/,https://docs.kujolang.ai/assets/img/kujo-logomark-black.svg,assets/img/kujo-logomark-black.svg,,32,32,,svg,867,True,,,0,0,
baseline,https://docs.kujolang.ai/collections/agents/,https://docs.kujolang.ai/assets/img/kujo-logomark-black.svg,assets/img/kujo-logomark-black.svg,,32,32,,svg,867,True,,,0,0,
baseline,https://docs.kujolang.ai/collections/benchmarks/,https://docs.kujolang.ai/assets/img/kujo-logomark-black.svg,assets/img/kujo-logomark-black.svg,,32,32,,svg,867,True,,,0,0,
baseline,https://docs.kujolang.ai/collections/benchmarks/,https://docs.kujolang.ai/assets/img/kujo-logomark-black.svg,assets/img/kujo-logomark-black.svg,,32,32,,svg,867,True,,,0,0,
baseline,https://docs.kujolang.ai/collections/,https://docs.kujolang.ai/assets/img/kujo-logomark-black.svg,assets/img/kujo-logomark-black.svg,,32,32,,svg,867,True,,,0,0,
baseline,https://docs.kujolang.ai/collections/,https://docs.kujolang.ai/assets/img/kujo-logomark-black.svg,assets/img/kujo-logomark-black.svg,,32,32,,svg,867,True,,,0,0,
baseline,https://docs.kujolang.ai/collections/skills/,https://docs.kujolang.ai/assets/img/kujo-logomark-black.svg,assets/img/kujo-logomark-black.svg,,32,32,,svg,867,True,,,0,0,
baseline,https://docs.kujolang.ai/collections/skills/,https://docs.kujolang.ai/assets/img/kujo-logomark-black.svg,assets/img/kujo-logomark-black.svg,,32,32,,svg,867,True,,,0,0,
baseline,https://docs.kujolang.ai/collections/workflows/,https://docs.kujolang.ai/assets/img/kujo-logomark-black.svg,assets/img/kujo-logomark-black.svg,,32,32,,svg,867,True,,,0,0,
baseline,https://docs.kujolang.ai/collections/workflows/,https://docs.kujolang.ai/assets/img/kujo-logomark-black.svg,assets/img/kujo-logomark-black.svg,,32,32,,svg,867,True,,,0,0,
baseline,https://docs.kujolang.ai/ecosystem/core-foundation/,https://docs.kujolang.ai/assets/img/kujo-logomark-black.svg,assets/img/kujo-logomark-black.svg,,32,32,,svg,867,True,,,0,0,
baseline,https://docs.kujolang.ai/ecosystem/core-foundation/,https://docs.kujolang.ai/assets/img/kujo-logomark-black.svg,assets/img/kujo-logomark-black.svg,,32,32,,svg,867,True,,,0,0,
baseline,https://docs.kujolang.ai/ecosystem/,https://docs.kujolang.ai/assets/img/kujo-logomark-black.svg,assets/img/kujo-logomark-black.svg,,32,32,,svg,867,True,,,0,0,
baseline,https://docs.kujolang.ai/ecosystem/,https://docs.kujolang.ai/assets/img/kujo-logomark-black.svg,assets/img/kujo-logomark-black.svg,,32,32,,svg,867,True,,,0,0,
baseline,https://docs.kujolang.ai/ecosystem/primitives/,https://docs.kujolang.ai/assets/img/kujo-logomark-black.svg,assets/img/kujo-logomark-black.svg,,32,32,,svg,867,True,,,0,0,
baseline,https://docs.kujolang.ai/ecosystem/primitives/,https://docs.kujolang.ai/assets/img/kujo-logomark-black.svg,assets/img/kujo-logomark-black.svg,,32,32,,svg,867,True,,,0,0,
baseline,https://docs.kujolang.ai/ecosystem/providers/,https://docs.kujolang.ai/assets/img/kujo-logomark-black.svg,assets/img/kujo-logomark-black.svg,,32,32,,svg,867,True,,,0,0,
baseline,https://docs.kujolang.ai/ecosystem/providers/,https://docs.kujolang.ai/assets/img/kujo-logomark-black.svg,assets/img/kujo-logomark-black.svg,,32,32,,svg,867,True,,,0,0,
baseline,https://docs.kujolang.ai/ecosystem/showcases/,https://docs.kujolang.ai/assets/img/kujo-logomark-black.svg,assets/img/kujo-logomark-black.svg,,32,32,,svg,867,True,,,0,0,
baseline,https://docs.kujolang.ai/ecosystem/showcases/,https://docs.kujolang.ai/assets/img/kujo-logomark-black.svg,assets/img/kujo-logomark-black.svg,,32,32,,svg,867,True,,,0,0,
baseline,https://docs.kujolang.ai/ecosystem/tooling/,https://docs.kujolang.ai/assets/img/kujo-logomark-black.svg,assets/img/kujo-logomark-black.svg,,32,32,,svg,867,True,,,0,0,
baseline,https://docs.kujolang.ai/ecosystem/tooling/,https://docs.kujolang.ai/assets/img/kujo-logomark-black.svg,assets/img/kujo-logomark-black.svg,,32,32,,svg,867,True,,,0,0,
baseline,https://docs.kujolang.ai/install/,https://docs.kujolang.ai/assets/img/kujo-logomark-black.svg,assets/img/kujo-logomark-black.svg,,32,32,,svg,867,True,,,0,0,
baseline,https://docs.kujolang.ai/install/,https://docs.kujolang.ai/assets/img/kujo-logomark-black.svg,assets/img/kujo-logomark-black.svg,,32,32,,svg,867,True,,,0,0,
baseline,https://docs.kujolang.ai/learn/ai-runtime/,https://docs.kujolang.ai/assets/img/kujo-logomark-black.svg,assets/img/kujo-logomark-black.svg,,32,32,,svg,867,True,,,0,0,
baseline,https://docs.kujolang.ai/learn/ai-runtime/,https://docs.kujolang.ai/assets/img/kujo-logomark-black.svg,assets/img/kujo-logomark-black.svg,,32,32,,svg,867,True,,,0,0,
baseline,https://docs.kujolang.ai/learn/capabilities/,https://docs.kujolang.ai/assets/img/kujo-logomark-black.svg,assets/img/kujo-logomark-black.svg,,32,32,,svg,867,True,,,0,0,
baseline,https://docs.kujolang.ai/learn/capabilities/,https://docs.kujolang.ai/assets/img/kujo-logomark-black.svg,assets/img/kujo-logomark-black.svg,,32,32,,svg,867,True,,,0,0,
baseline,https://docs.kujolang.ai/learn/editor-support/,https://docs.kujolang.ai/assets/img/kujo-logomark-black.svg,assets/img/kujo-logomark-black.svg,,32,32,,svg,867,True,,,0,0,
baseline,https://docs.kujolang.ai/learn/editor-support/,https://docs.kujolang.ai/assets/img/kujo-logomark-black.svg,assets/img/kujo-logomark-black.svg,,32,32,,svg,867,True,,,0,0,
baseline,https://docs.kujolang.ai/learn/,https://docs.kujolang.ai/assets/img/kujo-logomark-black.svg,assets/img/kujo-logomark-black.svg,,32,32,,svg,867,True,,,0,0,
baseline,https://docs.kujolang.ai/learn/,https://docs.kujolang.ai/assets/img/kujo-logomark-black.svg,assets/img/kujo-logomark-black.svg,,32,32,,svg,867,True,,,0,0,
baseline,https://docs.kujolang.ai/learn/language-basics/,https://docs.kujolang.ai/assets/img/kujo-logomark-black.svg,assets/img/kujo-logomark-black.svg,,32,32,,svg,867,True,,,0,0,
baseline,https://docs.kujolang.ai/learn/language-basics/,https://docs.kujolang.ai/assets/img/kujo-logomark-black.svg,assets/img/kujo-logomark-black.svg,,32,32,,svg,867,True,,,0,0,
baseline,https://docs.kujolang.ai/learn/packages/,https://docs.kujolang.ai/assets/img/kujo-logomark-black.svg,assets/img/kujo-logomark-black.svg,,32,32,,svg,867,True,,,0,0,
baseline,https://docs.kujolang.ai/learn/packages/,https://docs.kujolang.ai/assets/img/kujo-logomark-black.svg,assets/img/kujo-logomark-black.svg,,32,32,,svg,867,True,,,0,0,
baseline,https://docs.kujolang.ai/learn/runtime/,https://docs.kujolang.ai/assets/img/kujo-logomark-black.svg,assets/img/kujo-logomark-black.svg,,32,32,,svg,867,True,,,0,0,
baseline,https://docs.kujolang.ai/learn/runtime/,https://docs.kujolang.ai/assets/img/kujo-logomark-black.svg,assets/img/kujo-logomark-black.svg,,32,32,,svg,867,True,,,0,0,
baseline,https://docs.kujolang.ai/quickstart/,https://docs.kujolang.ai/assets/img/kujo-logomark-black.svg,assets/img/kujo-logomark-black.svg,,32,32,,svg,867,True,,,0,0,
baseline,https://docs.kujolang.ai/quickstart/,https://docs.kujolang.ai/assets/img/kujo-logomark-black.svg,assets/img/kujo-logomark-black.svg,,32,32,,svg,867,True,,,0,0,
baseline,https://docs.kujolang.ai/reference/,https://docs.kujolang.ai/assets/img/kujo-logomark-black.svg,assets/img/kujo-logomark-black.svg,,32,32,,svg,867,True,,,0,0,
baseline,https://docs.kujolang.ai/reference/,https://docs.kujolang.ai/assets/img/kujo-logomark-black.svg,assets/img/kujo-logomark-black.svg,,32,32,,svg,867,True,,,0,0,
baseline,https://docs.kujolang.ai/release-boundaries/,https://docs.kujolang.ai/assets/img/kujo-logomark-black.svg,assets/img/kujo-logomark-black.svg,,32,32,,svg,867,True,,,0,0,
baseline,https://docs.kujolang.ai/release-boundaries/,https://docs.kujolang.ai/assets/img/kujo-logomark-black.svg,assets/img/kujo-logomark-black.svg,,32,32,,svg,867,True,,,0,0,
baseline,https://docs.kujolang.ai/review/browser-architecture-and-privacy/,https://docs.kujolang.ai/assets/img/kujo-logomark-black.svg,assets/img/kujo-logomark-black.svg,,32,32,,svg,867,True,,,0,0,
baseline,https://docs.kujolang.ai/review/browser-architecture-and-privacy/,https://docs.kujolang.ai/assets/img/kujo-logomark-black.svg,assets/img/kujo-logomark-black.svg,,32,32,,svg,867,True,,,0,0,
baseline,https://docs.kujolang.ai/review/context-and-task-contracts/,https://docs.kujolang.ai/assets/img/kujo-logomark-black.svg,assets/img/kujo-logomark-black.svg,,32,32,,svg,867,True,,,0,0,
baseline,https://docs.kujolang.ai/review/context-and-task-contracts/,https://docs.kujolang.ai/assets/img/kujo-logomark-black.svg,assets/img/kujo-logomark-black.svg,,32,32,,svg,867,True,,,0,0,
baseline,https://docs.kujolang.ai/review/evidence-and-run-history/,https://docs.kujolang.ai/assets/img/kujo-logomark-black.svg,assets/img/kujo-logomark-black.svg,,32,32,,svg,867,True,,,0,0,
baseline,https://docs.kujolang.ai/review/evidence-and-run-history/,https://docs.kujolang.ai/assets/img/kujo-logomark-black.svg,assets/img/kujo-logomark-black.svg,,32,32,,svg,867,True,,,0,0,
baseline,https://docs.kujolang.ai/review/,https://docs.kujolang.ai/assets/img/kujo-logomark-black.svg,assets/img/kujo-logomark-black.svg,,32,32,,svg,867,True,,,0,0,
baseline,https://docs.kujolang.ai/review/,https://docs.kujolang.ai/assets/img/kujo-logomark-black.svg,assets/img/kujo-logomark-black.svg,,32,32,,svg,867,True,,,0,0,
baseline,https://docs.kujolang.ai/review/quality-and-release-gates/,https://docs.kujolang.ai/assets/img/kujo-logomark-black.svg,assets/img/kujo-logomark-black.svg,,32,32,,svg,867,True,,,0,0,
baseline,https://docs.kujolang.ai/review/quality-and-release-gates/,https://docs.kujolang.ai/assets/img/kujo-logomark-black.svg,assets/img/kujo-logomark-black.svg,,32,32,,svg,867,True,,,0,0,
baseline,https://docs.kujolang.ai/review/tests-and-evaluation/,https://docs.kujolang.ai/assets/img/kujo-logomark-black.svg,assets/img/kujo-logomark-black.svg,,32,32,,svg,867,True,,,0,0,
baseline,https://docs.kujolang.ai/review/tests-and-evaluation/,https://docs.kujolang.ai/assets/img/kujo-logomark-black.svg,assets/img/kujo-logomark-black.svg,,32,32,,svg,867,True,,,0,0,
baseline,https://docs.kujolang.ai/security/,https://docs.kujolang.ai/assets/img/kujo-logomark-black.svg,assets/img/kujo-logomark-black.svg,,32,32,,svg,867,True,,,0,0,
baseline,https://docs.kujolang.ai/security/,https://docs.kujolang.ai/assets/img/kujo-logomark-black.svg,assets/img/kujo-logomark-black.svg,,32,32,,svg,867,True,,,0,0,
baseline,https://docs.kujolang.ai/showcases/ai-chat/,https://docs.kujolang.ai/assets/img/kujo-logomark-black.svg,assets/img/kujo-logomark-black.svg,,32,32,,svg,867,True,,,0,0,
baseline,https://docs.kujolang.ai/showcases/ai-chat/,https://docs.kujolang.ai/assets/img/kujo-logomark-black.svg,assets/img/kujo-logomark-black.svg,,32,32,,svg,867,True,,,0,0,
baseline,https://docs.kujolang.ai/showcases/cinch/,https://docs.kujolang.ai/assets/img/kujo-logomark-black.svg,assets/img/kujo-logomark-black.svg,,32,32,,svg,867,True,,,0,0,
baseline,https://docs.kujolang.ai/showcases/cinch/,https://docs.kujolang.ai/assets/img/kujo-logomark-black.svg,assets/img/kujo-logomark-black.svg,,32,32,,svg,867,True,,,0,0,
baseline,https://docs.kujolang.ai/showcases/cms/,https://docs.kujolang.ai/assets/img/kujo-logomark-black.svg,assets/img/kujo-logomark-black.svg,,32,32,,svg,867,True,,,0,0,
baseline,https://docs.kujolang.ai/showcases/cms/,https://docs.kujolang.ai/assets/img/kujo-logomark-black.svg,assets/img/kujo-logomark-black.svg,,32,32,,svg,867,True,,,0,0,
baseline,https://docs.kujolang.ai/showcases/crud-api/,https://docs.kujolang.ai/assets/img/kujo-logomark-black.svg,assets/img/kujo-logomark-black.svg,,32,32,,svg,867,True,,,0,0,
baseline,https://docs.kujolang.ai/showcases/crud-api/,https://docs.kujolang.ai/assets/img/kujo-logomark-black.svg,assets/img/kujo-logomark-black.svg,,32,32,,svg,867,True,,,0,0,
baseline,https://docs.kujolang.ai/showcases/,https://docs.kujolang.ai/assets/img/kujo-logomark-black.svg,assets/img/kujo-logomark-black.svg,,32,32,,svg,867,True,,,0,0,
baseline,https://docs.kujolang.ai/showcases/,https://docs.kujolang.ai/assets/img/kujo-logomark-black.svg,assets/img/kujo-logomark-black.svg,,32,32,,svg,867,True,,,0,0,
baseline,https://docs.kujolang.ai/showcases/intake/,https://docs.kujolang.ai/assets/img/kujo-logomark-black.svg,assets/img/kujo-logomark-black.svg,,32,32,,svg,867,True,,,0,0,
baseline,https://docs.kujolang.ai/showcases/intake/,https://docs.kujolang.ai/assets/img/kujo-logomark-black.svg,assets/img/kujo-logomark-black.svg,,32,32,,svg,867,True,,,0,0,
baseline,https://docs.kujolang.ai/showcases/ssg/,https://docs.kujolang.ai/assets/img/kujo-logomark-black.svg,assets/img/kujo-logomark-black.svg,,32,32,,svg,867,True,,,0,0,
baseline,https://docs.kujolang.ai/showcases/ssg/,https://docs.kujolang.ai/assets/img/kujo-logomark-black.svg,assets/img/kujo-logomark-black.svg,,32,32,,svg,867,True,,,0,0,
baseline,https://docs.kujolang.ai/showcases/totalrecall/,https://docs.kujolang.ai/assets/img/kujo-logomark-black.svg,assets/img/kujo-logomark-black.svg,,32,32,,svg,867,True,,,0,0,
baseline,https://docs.kujolang.ai/showcases/totalrecall/,https://docs.kujolang.ai/assets/img/kujo-logomark-black.svg,assets/img/kujo-logomark-black.svg,,32,32,,svg,867,True,,,0,0,
baseline,https://docs.kujolang.ai/start-here/,https://docs.kujolang.ai/assets/img/kujo-logomark-black.svg,assets/img/kujo-logomark-black.svg,,32,32,,svg,867,True,,,0,0,
baseline,https://docs.kujolang.ai/start-here/,https://docs.kujolang.ai/assets/img/kujo-logomark-black.svg,assets/img/kujo-logomark-black.svg,,32,32,,svg,867,True,,,0,0,
baseline,https://docs.kujolang.ai/support/,https://docs.kujolang.ai/assets/img/kujo-logomark-black.svg,assets/img/kujo-logomark-black.svg,,32,32,,svg,867,True,,,0,0,
baseline,https://docs.kujolang.ai/support/,https://docs.kujolang.ai/assets/img/kujo-logomark-black.svg,assets/img/kujo-logomark-black.svg,,32,32,,svg,867,True,,,0,0,
baseline,https://docs.kujolang.ai/tools/ability/,https://docs.kujolang.ai/assets/img/kujo-logomark-black.svg,assets/img/kujo-logomark-black.svg,,32,32,,svg,867,True,,,0,0,
baseline,https://docs.kujolang.ai/tools/ability/,https://docs.kujolang.ai/assets/img/kujo-logomark-black.svg,assets/img/kujo-logomark-black.svg,,32,32,,svg,867,True,,,0,0,
baseline,https://docs.kujolang.ai/tools/agents-sdk/,https://docs.kujolang.ai/assets/img/kujo-logomark-black.svg,assets/img/kujo-logomark-black.svg,,32,32,,svg,867,True,,,0,0,
baseline,https://docs.kujolang.ai/tools/agents-sdk/,https://docs.kujolang.ai/assets/img/kujo-logomark-black.svg,assets/img/kujo-logomark-black.svg,,32,32,,svg,867,True,,,0,0,
baseline,https://docs.kujolang.ai/tools/ai-sdk/,https://docs.kujolang.ai/assets/img/kujo-logomark-black.svg,assets/img/kujo-logomark-black.svg,,32,32,,svg,867,True,,,0,0,
baseline,https://docs.kujolang.ai/tools/ai-sdk/,https://docs.kujolang.ai/assets/img/kujo-logomark-black.svg,assets/img/kujo-logomark-black.svg,,32,32,,svg,867,True,,,0,0,
baseline,https://docs.kujolang.ai/tools/assetworks/,https://docs.kujolang.ai/assets/img/kujo-logomark-black.svg,assets/img/kujo-logomark-black.svg,,32,32,,svg,867,True,,,0,0,
baseline,https://docs.kujolang.ai/tools/assetworks/,https://docs.kujolang.ai/assets/img/kujo-logomark-black.svg,assets/img/kujo-logomark-black.svg,,32,32,,svg,867,True,,,0,0,
baseline,https://docs.kujolang.ai/tools/bluepencil/,https://docs.kujolang.ai/assets/img/kujo-logomark-black.svg,assets/img/kujo-logomark-black.svg,,32,32,,svg,867,True,,,0,0,
baseline,https://docs.kujolang.ai/tools/bluepencil/,https://docs.kujolang.ai/assets/img/kujo-logomark-black.svg,assets/img/kujo-logomark-black.svg,,32,32,,svg,867,True,,,0,0,
baseline,https://docs.kujolang.ai/tools/casefile/,https://docs.kujolang.ai/assets/img/kujo-logomark-black.svg,assets/img/kujo-logomark-black.svg,,32,32,,svg,867,True,,,0,0,
baseline,https://docs.kujolang.ai/tools/casefile/,https://docs.kujolang.ai/assets/img/kujo-logomark-black.svg,assets/img/kujo-logomark-black.svg,,32,32,,svg,867,True,,,0,0,
baseline,https://docs.kujolang.ai/tools/changebucket/,https://docs.kujolang.ai/assets/img/kujo-logomark-black.svg,assets/img/kujo-logomark-black.svg,,32,32,,svg,867,True,,,0,0,
baseline,https://docs.kujolang.ai/tools/changebucket/,https://docs.kujolang.ai/assets/img/kujo-logomark-black.svg,assets/img/kujo-logomark-black.svg,,32,32,,svg,867,True,,,0,0,
baseline,https://docs.kujolang.ai/tools/commerce/,https://docs.kujolang.ai/assets/img/kujo-logomark-black.svg,assets/img/kujo-logomark-black.svg,,32,32,,svg,867,True,,,0,0,
baseline,https://docs.kujolang.ai/tools/commerce/,https://docs.kujolang.ai/assets/img/kujo-logomark-black.svg,assets/img/kujo-logomark-black.svg,,32,32,,svg,867,True,,,0,0,
baseline,https://docs.kujolang.ai/tools/concord/,https://docs.kujolang.ai/assets/img/kujo-logomark-black.svg,assets/img/kujo-logomark-black.svg,,32,32,,svg,867,True,,,0,0,
baseline,https://docs.kujolang.ai/tools/concord/,https://docs.kujolang.ai/assets/img/kujo-logomark-black.svg,assets/img/kujo-logomark-black.svg,,32,32,,svg,867,True,,,0,0,
baseline,https://docs.kujolang.ai/tools/contentgraph/,https://docs.kujolang.ai/assets/img/kujo-logomark-black.svg,assets/img/kujo-logomark-black.svg,,32,32,,svg,867,True,,,0,0,
baseline,https://docs.kujolang.ai/tools/contentgraph/,https://docs.kujolang.ai/assets/img/kujo-logomark-black.svg,assets/img/kujo-logomark-black.svg,,32,32,,svg,867,True,,,0,0,
baseline,https://docs.kujolang.ai/tools/dispatch/,https://docs.kujolang.ai/assets/img/kujo-logomark-black.svg,assets/img/kujo-logomark-black.svg,,32,32,,svg,867,True,,,0,0,
baseline,https://docs.kujolang.ai/tools/dispatch/,https://docs.kujolang.ai/assets/img/kujo-logomark-black.svg,assets/img/kujo-logomark-black.svg,,32,32,,svg,867,True,,,0,0,
baseline,https://docs.kujolang.ai/tools/dossier/,https://docs.kujolang.ai/assets/img/kujo-logomark-black.svg,assets/img/kujo-logomark-black.svg,,32,32,,svg,867,True,,,0,0,
baseline,https://docs.kujolang.ai/tools/dossier/,https://docs.kujolang.ai/assets/img/kujo-logomark-black.svg,assets/img/kujo-logomark-black.svg,,32,32,,svg,867,True,,,0,0,
baseline,https://docs.kujolang.ai/tools/eval/,https://docs.kujolang.ai/assets/img/kujo-logomark-black.svg,assets/img/kujo-logomark-black.svg,,32,32,,svg,867,True,,,0,0,
baseline,https://docs.kujolang.ai/tools/eval/,https://docs.kujolang.ai/assets/img/kujo-logomark-black.svg,assets/img/kujo-logomark-black.svg,,32,32,,svg,867,True,,,0,0,
baseline,https://docs.kujolang.ai/tools/fence/,https://docs.kujolang.ai/assets/img/kujo-logomark-black.svg,assets/img/kujo-logomark-black.svg,,32,32,,svg,867,True,,,0,0,
baseline,https://docs.kujolang.ai/tools/fence/,https://docs.kujolang.ai/assets/img/kujo-logomark-black.svg,assets/img/kujo-logomark-black.svg,,32,32,,svg,867,True,,,0,0,
baseline,https://docs.kujolang.ai/tools/galleypack/,https://docs.kujolang.ai/assets/img/kujo-logomark-black.svg,assets/img/kujo-logomark-black.svg,,32,32,,svg,867,True,,,0,0,
baseline,https://docs.kujolang.ai/tools/galleypack/,https://docs.kujolang.ai/assets/img/kujo-logomark-black.svg,assets/img/kujo-logomark-black.svg,,32,32,,svg,867,True,,,0,0,
baseline,https://docs.kujolang.ai/tools/howl/,https://docs.kujolang.ai/assets/img/kujo-logomark-black.svg,assets/img/kujo-logomark-black.svg,,32,32,,svg,867,True,,,0,0,
baseline,https://docs.kujolang.ai/tools/howl/,https://docs.kujolang.ai/assets/img/kujo-logomark-black.svg,assets/img/kujo-logomark-black.svg,,32,32,,svg,867,True,,,0,0,
baseline,https://docs.kujolang.ai/tools/,https://docs.kujolang.ai/assets/img/kujo-logomark-black.svg,assets/img/kujo-logomark-black.svg,,32,32,,svg,867,True,,,0,0,
baseline,https://docs.kujolang.ai/tools/,https://docs.kujolang.ai/assets/img/kujo-logomark-black.svg,assets/img/kujo-logomark-black.svg,,32,32,,svg,867,True,,,0,0,
baseline,https://docs.kujolang.ai/tools/kennel/,https://docs.kujolang.ai/assets/img/kujo-logomark-black.svg,assets/img/kujo-logomark-black.svg,,32,32,,svg,867,True,,,0,0,
baseline,https://docs.kujolang.ai/tools/kennel/,https://docs.kujolang.ai/assets/img/kujo-logomark-black.svg,assets/img/kujo-logomark-black.svg,,32,32,,svg,867,True,,,0,0,
baseline,https://docs.kujolang.ai/tools/kujo/,https://docs.kujolang.ai/assets/img/kujo-logomark-black.svg,assets/img/kujo-logomark-black.svg,,32,32,,svg,867,True,,,0,0,
baseline,https://docs.kujolang.ai/tools/kujo/,https://docs.kujolang.ai/assets/img/kujo-logomark-black.svg,assets/img/kujo-logomark-black.svg,,32,32,,svg,867,True,,,0,0,
baseline,https://docs.kujolang.ai/tools/leash/,https://docs.kujolang.ai/assets/img/kujo-logomark-black.svg,assets/img/kujo-logomark-black.svg,,32,32,,svg,867,True,,,0,0,
baseline,https://docs.kujolang.ai/tools/leash/,https://docs.kujolang.ai/assets/img/kujo-logomark-black.svg,assets/img/kujo-logomark-black.svg,,32,32,,svg,867,True,,,0,0,
baseline,https://docs.kujolang.ai/tools/lens/,https://docs.kujolang.ai/assets/img/kujo-logomark-black.svg,assets/img/kujo-logomark-black.svg,,32,32,,svg,867,True,,,0,0,
baseline,https://docs.kujolang.ai/tools/lens/,https://docs.kujolang.ai/assets/img/kujo-logomark-black.svg,assets/img/kujo-logomark-black.svg,,32,32,,svg,867,True,,,0,0,
baseline,https://docs.kujolang.ai/tools/mcp/,https://docs.kujolang.ai/assets/img/kujo-logomark-black.svg,assets/img/kujo-logomark-black.svg,,32,32,,svg,867,True,,,0,0,
baseline,https://docs.kujolang.ai/tools/mcp/,https://docs.kujolang.ai/assets/img/kujo-logomark-black.svg,assets/img/kujo-logomark-black.svg,,32,32,,svg,867,True,,,0,0,
baseline,https://docs.kujolang.ai/tools/muzzle/,https://docs.kujolang.ai/assets/img/kujo-logomark-black.svg,assets/img/kujo-logomark-black.svg,,32,32,,svg,867,True,,,0,0,
baseline,https://docs.kujolang.ai/tools/muzzle/,https://docs.kujolang.ai/assets/img/kujo-logomark-black.svg,assets/img/kujo-logomark-black.svg,,32,32,,svg,867,True,,,0,0,
baseline,https://docs.kujolang.ai/tools/packwrite/,https://docs.kujolang.ai/assets/img/kujo-logomark-black.svg,assets/img/kujo-logomark-black.svg,,32,32,,svg,867,True,,,0,0,
baseline,https://docs.kujolang.ai/tools/packwrite/,https://docs.kujolang.ai/assets/img/kujo-logomark-black.svg,assets/img/kujo-logomark-black.svg,,32,32,,svg,867,True,,,0,0,
baseline,https://docs.kujolang.ai/tools/paperclip/,https://docs.kujolang.ai/assets/img/kujo-logomark-black.svg,assets/img/kujo-logomark-black.svg,,32,32,,svg,867,True,,,0,0,
baseline,https://docs.kujolang.ai/tools/paperclip/,https://docs.kujolang.ai/assets/img/kujo-logomark-black.svg,assets/img/kujo-logomark-black.svg,,32,32,,svg,867,True,,,0,0,
baseline,https://docs.kujolang.ai/tools/patchbrief/,https://docs.kujolang.ai/assets/img/kujo-logomark-black.svg,assets/img/kujo-logomark-black.svg,,32,32,,svg,867,True,,,0,0,
baseline,https://docs.kujolang.ai/tools/patchbrief/,https://docs.kujolang.ai/assets/img/kujo-logomark-black.svg,assets/img/kujo-logomark-black.svg,,32,32,,svg,867,True,,,0,0,
baseline,https://docs.kujolang.ai/tools/presswire/,https://docs.kujolang.ai/assets/img/kujo-logomark-black.svg,assets/img/kujo-logomark-black.svg,,32,32,,svg,867,True,,,0,0,
baseline,https://docs.kujolang.ai/tools/presswire/,https://docs.kujolang.ai/assets/img/kujo-logomark-black.svg,assets/img/kujo-logomark-black.svg,,32,32,,svg,867,True,,,0,0,
baseline,https://docs.kujolang.ai/tools/rag/,https://docs.kujolang.ai/assets/img/kujo-logomark-black.svg,assets/img/kujo-logomark-black.svg,,32,32,,svg,867,True,,,0,0,
baseline,https://docs.kujolang.ai/tools/rag/,https://docs.kujolang.ai/assets/img/kujo-logomark-black.svg,assets/img/kujo-logomark-black.svg,,32,32,,svg,867,True,,,0,0,
baseline,https://docs.kujolang.ai/tools/readersignal/,https://docs.kujolang.ai/assets/img/kujo-logomark-black.svg,assets/img/kujo-logomark-black.svg,,32,32,,svg,867,True,,,0,0,
baseline,https://docs.kujolang.ai/tools/readersignal/,https://docs.kujolang.ai/assets/img/kujo-logomark-black.svg,assets/img/kujo-logomark-black.svg,,32,32,,svg,867,True,,,0,0,
baseline,https://docs.kujolang.ai/tools/redact/,https://docs.kujolang.ai/assets/img/kujo-logomark-black.svg,assets/img/kujo-logomark-black.svg,,32,32,,svg,867,True,,,0,0,
baseline,https://docs.kujolang.ai/tools/redact/,https://docs.kujolang.ai/assets/img/kujo-logomark-black.svg,assets/img/kujo-logomark-black.svg,,32,32,,svg,867,True,,,0,0,
baseline,https://docs.kujolang.ai/tools/relay/,https://docs.kujolang.ai/assets/img/kujo-logomark-black.svg,assets/img/kujo-logomark-black.svg,,32,32,,svg,867,True,,,0,0,
baseline,https://docs.kujolang.ai/tools/relay/,https://docs.kujolang.ai/assets/img/kujo-logomark-black.svg,assets/img/kujo-logomark-black.svg,,32,32,,svg,867,True,,,0,0,
baseline,https://docs.kujolang.ai/tools/runledger/,https://docs.kujolang.ai/assets/img/kujo-logomark-black.svg,assets/img/kujo-logomark-black.svg,,32,32,,svg,867,True,,,0,0,
baseline,https://docs.kujolang.ai/tools/runledger/,https://docs.kujolang.ai/assets/img/kujo-logomark-black.svg,assets/img/kujo-logomark-black.svg,,32,32,,svg,867,True,,,0,0,
baseline,https://docs.kujolang.ai/tools/scent/,https://docs.kujolang.ai/assets/img/kujo-logomark-black.svg,assets/img/kujo-logomark-black.svg,,32,32,,svg,867,True,,,0,0,
baseline,https://docs.kujolang.ai/tools/scent/,https://docs.kujolang.ai/assets/img/kujo-logomark-black.svg,assets/img/kujo-logomark-black.svg,,32,32,,svg,867,True,,,0,0,
baseline,https://docs.kujolang.ai/tools/scout/,https://docs.kujolang.ai/assets/img/kujo-logomark-black.svg,assets/img/kujo-logomark-black.svg,,32,32,,svg,867,True,,,0,0,
baseline,https://docs.kujolang.ai/tools/scout/,https://docs.kujolang.ai/assets/img/kujo-logomark-black.svg,assets/img/kujo-logomark-black.svg,,32,32,,svg,867,True,,,0,0,
baseline,https://docs.kujolang.ai/tools/searchbridge/,https://docs.kujolang.ai/assets/img/kujo-logomark-black.svg,assets/img/kujo-logomark-black.svg,,32,32,,svg,867,True,,,0,0,
baseline,https://docs.kujolang.ai/tools/searchbridge/,https://docs.kujolang.ai/assets/img/kujo-logomark-black.svg,assets/img/kujo-logomark-black.svg,,32,32,,svg,867,True,,,0,0,
baseline,https://docs.kujolang.ai/tools/shipcheck/,https://docs.kujolang.ai/assets/img/kujo-logomark-black.svg,assets/img/kujo-logomark-black.svg,,32,32,,svg,867,True,,,0,0,
baseline,https://docs.kujolang.ai/tools/shipcheck/,https://docs.kujolang.ai/assets/img/kujo-logomark-black.svg,assets/img/kujo-logomark-black.svg,,32,32,,svg,867,True,,,0,0,
baseline,https://docs.kujolang.ai/tools/site-kit/,https://docs.kujolang.ai/assets/img/kujo-logomark-black.svg,assets/img/kujo-logomark-black.svg,,32,32,,svg,867,True,,,0,0,
baseline,https://docs.kujolang.ai/tools/site-kit/,https://docs.kujolang.ai/assets/img/kujo-logomark-black.svg,assets/img/kujo-logomark-black.svg,,32,32,,svg,867,True,,,0,0,
baseline,https://docs.kujolang.ai/tools/siteprobe/,https://docs.kujolang.ai/assets/img/kujo-logomark-black.svg,assets/img/kujo-logomark-black.svg,,32,32,,svg,867,True,,,0,0,
baseline,https://docs.kujolang.ai/tools/siteprobe/,https://docs.kujolang.ai/assets/img/kujo-logomark-black.svg,assets/img/kujo-logomark-black.svg,,32,32,,svg,867,True,,,0,0,
baseline,https://docs.kujolang.ai/tools/source/,https://docs.kujolang.ai/assets/img/kujo-logomark-black.svg,assets/img/kujo-logomark-black.svg,,32,32,,svg,867,True,,,0,0,
baseline,https://docs.kujolang.ai/tools/source/,https://docs.kujolang.ai/assets/img/kujo-logomark-black.svg,assets/img/kujo-logomark-black.svg,,32,32,,svg,867,True,,,0,0,
baseline,https://docs.kujolang.ai/tools/spec/,https://docs.kujolang.ai/assets/img/kujo-logomark-black.svg,assets/img/kujo-logomark-black.svg,,32,32,,svg,867,True,,,0,0,
baseline,https://docs.kujolang.ai/tools/spec/,https://docs.kujolang.ai/assets/img/kujo-logomark-black.svg,assets/img/kujo-logomark-black.svg,,32,32,,svg,867,True,,,0,0,
baseline,https://docs.kujolang.ai/tools/storydesk/,https://docs.kujolang.ai/assets/img/kujo-logomark-black.svg,assets/img/kujo-logomark-black.svg,,32,32,,svg,867,True,,,0,0,
baseline,https://docs.kujolang.ai/tools/storydesk/,https://docs.kujolang.ai/assets/img/kujo-logomark-black.svg,assets/img/kujo-logomark-black.svg,,32,32,,svg,867,True,,,0,0,
baseline,https://docs.kujolang.ai/tools/tribunal/,https://docs.kujolang.ai/assets/img/kujo-logomark-black.svg,assets/img/kujo-logomark-black.svg,,32,32,,svg,867,True,,,0,0,
baseline,https://docs.kujolang.ai/tools/tribunal/,https://docs.kujolang.ai/assets/img/kujo-logomark-black.svg,assets/img/kujo-logomark-black.svg,,32,32,,svg,867,True,,,0,0,
baseline,https://docs.kujolang.ai/tools/versionseal/,https://docs.kujolang.ai/assets/img/kujo-logomark-black.svg,assets/img/kujo-logomark-black.svg,,32,32,,svg,867,True,,,0,0,
baseline,https://docs.kujolang.ai/tools/versionseal/,https://docs.kujolang.ai/assets/img/kujo-logomark-black.svg,assets/img/kujo-logomark-black.svg,,32,32,,svg,867,True,,,0,0,
baseline,https://docs.kujolang.ai/tools/ward/,https://docs.kujolang.ai/assets/img/kujo-logomark-black.svg,assets/img/kujo-logomark-black.svg,,32,32,,svg,867,True,,,0,0,
baseline,https://docs.kujolang.ai/tools/ward/,https://docs.kujolang.ai/assets/img/kujo-logomark-black.svg,assets/img/kujo-logomark-black.svg,,32,32,,svg,867,True,,,0,0,
baseline,https://docs.kujolang.ai/tools/watchdog/,https://docs.kujolang.ai/assets/img/kujo-logomark-black.svg,assets/img/kujo-logomark-black.svg,,32,32,,svg,867,True,,,0,0,
baseline,https://docs.kujolang.ai/tools/watchdog/,https://docs.kujolang.ai/assets/img/kujo-logomark-black.svg,assets/img/kujo-logomark-black.svg,,32,32,,svg,867,True,,,0,0,
baseline,https://docs.kujolang.ai/tools/workcell/,https://docs.kujolang.ai/assets/img/kujo-logomark-black.svg,assets/img/kujo-logomark-black.svg,,32,32,,svg,867,True,,,0,0,
baseline,https://docs.kujolang.ai/tools/workcell/,https://docs.kujolang.ai/assets/img/kujo-logomark-black.svg,assets/img/kujo-logomark-black.svg,,32,32,,svg,867,True,,,0,0,
